provider	6.1.5+1	2025-08-19	>=2.12.0 <4.0.0	android,ios,windows,linux,macos,web	11007	150	D3-OK	collection,flutter,nested
path_provider	2.1.6	2026-06-15	^3.10.0	android,ios,windows,linux,macos	5568	160	D3-OK?	flutter,path_provider_android,path_provider_foundation,path_provider_linux,path_provider_platform_interface,path_provider_windows
shared_preferences	2.5.6	2026-10-05	^3.11.0	android,ios,windows,linux,macos,web	10576	160	D3-OK?	flutter,shared_preferences_android,shared_preferences_foundation,shared_preferences_linux,shared_preferences_platform_interface,shared_preferences_web,shared_preferences_windows
flutter_miuix	1.3.0	2026-09-29	^3.12.2	android,windows,linux,macos	3	145	D3-OK?	cupertino_icons,dynamic_color,flutter,material_color_utilities
hive_ce	2.20.1	2026-09-27	^3.4.0	android,ios,windows,linux,macos,web	570	160	D3-OK?	crypto,isolate_channel,json_annotation,meta,web
hive	2.2.3	2022-06-30	>=2.12.0 <3.0.0	android,ios,windows,linux,macos,web	6260	120	D3-BLOCKED	crypto,meta
tostore	3.5.1	2026-09-01	^3.5.4	android,ios,windows,linux,macos,web	141	160	D3-OK?	archive,ffi,path,web
sqlite3	3.7.0	2026-09-30	>=3.10.0 <4.0.0	android,ios,windows,linux,macos,web	465	150	D3-OK	code_assets,collection,crypto,ffi,hooks,meta,native_toolchain_c,path,typed_data,web
drift	2.35.1	2026-09-30	>=3.10.0 <4.0.0	android,ios,windows,linux,macos,web	2479	160	D3-OK	async,collection,convert,meta,path,sqlite3,stack_trace,stream_channel,web
sembast	3.8.11	2026-09-20	^3.12.0	android,ios,windows,linux,macos,web	1197	160	D3-OK?	meta,path,synchronized
sqflite	2.4.4+1	2026-10-05	^3.12.0	android,ios,macos	5571	160	D3-OK?	flutter,path,sqflite_android,sqflite_common,sqflite_darwin,sqflite_platform_interface
sqlite3_flutter_libs	0.6.0+eol	2026-02-15	>=3.10.0 <4.0.0	android,ios,windows,linux,macos,web	176	150	D3-OK	
flutter_secure_storage	11.2.0	2026-09-16	>=3.8.0 <4.0.0	android,ios,windows,linux,macos,web	4495	160	D3-OK	flutter,flutter_secure_storage_darwin,flutter_secure_storage_linux,flutter_secure_storage_platform_interface,flutter_secure_storage_web,flutter_secure_storage_windows,meta
install_plugin	2.1.0	2023-07-11	>=2.12.0 <4.0.0	android,ios	79	150	D3-OK	flutter
android_package_installer	0.0.3	2025-05-04	^3.7.2	android	27	160	D3-OK?	flutter,plugin_platform_interface
flutter_secure_storage_x	13.3.0	2026-09-21	>=3.13.0 <4.0.0	android,ios,windows,linux,macos,web	5	160	D3-OK	flutter,flutter_secure_storage_x_linux,flutter_secure_storage_x_macos,flutter_secure_storage_x_platform_interface,flutter_secure_storage_x_web,flutter_secure_storage_x_windows
app_installer	1.3.1	2024-12-03	>=2.12.0 <4.0.0	android,ios,macos	75	150	D3-OK	flutter
flutter_app_installer	2.0.0	2026-03-19	>=3.0.0 <4.0.0	android	20	160	D3-OK	flutter,plugin_platform_interface
apk_installer	0.0.4	2023-10-24	>=3.1.3 <4.0.0	android	16	155	D3-OK	flutter,plugin_platform_interface
device_apps	2.2.0	2022-04-01	>=2.12.0 <3.0.0		343	70	D3-BLOCKED	flutter
installed_apps	2.2.0	2026-09-30	>=3.0.0 <4.0.0	android	152	160	D3-OK	flutter
device_apps_ng	3.0.2	2026-09-26	>=3.0.0 <4.0.0	android	0	150	D3-OK	flutter
installed_apps_plus							D3-OK?	
root_access	1.0.4	2021-05-18	>=2.12.0 <3.0.0	android	19	160	D3-BLOCKED	flutter
priv_kit	0.0.9	2026-10-03	^3.12.0	android	1	160	D3-OK?	flutter,freezed_annotation,plugin_platform_interface
shizuku_api	1.2.3	2026-08-17	^3.9.2	android	19	160	D3-OK?	flutter,plugin_platform_interface
root	2.0.4	2022-09-22	>=2.12.0 <3.0.0	android	36	150	D3-BLOCKED	flutter
libsu							D3-OK?	
su							D3-OK?	
shizuku_api_plugin	1.0.4	2026-09-30	^3.12.0	android	1	160	D3-OK?	flutter,plugin_platform_interface
