flutter_code_editor	D3-OK	nullsafe
re_editor	D3-OK	nullsafe
code_editor	D3-OK	nullsafe
flutter_slidable	D3-OK	nullsafe
multi_split_view	D3-OK	nullsafe
scrollable_positioned_list	D3-OK	nullsafe
open_filex	D3-OK	nullsafe
android_intent_plus	D3-OK	nullsafe
share_plus	D3-OK	nullsafe
file_picker	D3-OK	nullsafe
mime	D3-OK	nullsafe
mime_type	D3-OK	nullsafe
file_magic_number	D3-OK	nullsafe
file_type_plus	D3-OK	nullsafe
thumbnailer	D3-OK	nullsafe
proper_filesize	D3-OK	nullsafe
saf	D3-OK	nullsafe
docman	D3-OK	nullsafe
installed_apps	D3-OK	nullsafe
apk_inspector	D3-OK	nullsafe
flutter_apksig	D3-OK	nullsafe
aapt_dart	D3-OK	nullsafe
apk_signature	D3-OK	nullsafe
parser_apk_info	D3-OK	nullsafe
x509	D3-OK	nullsafe
basic_utils	D3-OK	nullsafe
pkcs7	D3-OK	nullsafe
crypto_keys	D3-OK	nullsafe
pkcs12_parser	D3-OK	nullsafe
pem	D3-OK	nullsafe
asn1lib	D3-OK	nullsafe
crc32_checksum	D3-OK	nullsafe
hashlib	D3-OK	nullsafe
